{
    "accuracy": 0.95,
    "f1_score": 0.945054945054945,
    "precision": 0.9347826086956522,
    "recall": 0.9555555555555556
}